Close,High,Low,Open,Volume,rsi,macd,sma_50,sma_200,action,prob
AXP,AXP,AXP,AXP,AXP,,,,,,
298.4525146484375,298.5616139098958,292.51243058767744,293.8214401452692,3336300,44.786879959377124,-3.683014550624705,303.886728515625,267.3018002319336,BUY,0.615
293.028076171875,300.9316742698604,290.6679006155489,298.91858869475584,2342500,39.73384488589745,-3.89778376951233,303.74059692382815,267.592981338501,BUY,0.565
281.1082458496094,289.3390815606448,275.26730437883396,289.1407660363137,5901200,31.360721080900845,-4.972500718627657,303.4001934814453,267.8103961181641,WAIT,0.525
281.81231689453125,283.73615599962085,278.29190620177286,280.64215545301175,2569200,32.26864153699337,-5.7016835359336255,303.34218017578127,268.03049491882325,WAIT,0.54
273.343505859375,279.8091732532574,272.2427381438551,277.4688199762579,2944200,27.548419592915153,-6.883578833938657,303.009921875,268.2101190185547,BUY,0.665
270.9337158203125,271.8857392764666,262.50453439759974,271.3799787068421,3817000,26.366531948697258,-7.923353798922676,302.5192547607422,268.3703153991699,BUY,0.665
259.1427917480469,266.35221007108834,255.3050399088813,265.47953704302967,4284100,21.505007968377356,-9.588284209744188,301.78980041503905,268.4741150665283,BUY,0.665
253.26219177246094,258.07177442780124,251.42759918195802,255.31493748958073,4925600,19.56721685838116,-11.25255636203292,300.8505276489258,268.5446747589111,BUY,0.665
258.5775451660156,260.63030609553493,252.8754516484525,258.01228689325194,5514900,26.053283898063583,-12.004222235000782,300.00707550048827,268.65651962280276,BUY,0.665
254.2935333251953,259.33122599776055,251.40778963626857,257.48670694416165,4194000,24.349034007330587,-12.798078524656432,299.13611572265626,268.76972007751465,BUY,0.665
263.4169006347656,264.4383179487459,256.8421338338754,257.9825465221726,4336800,34.21790919930632,-12.546408669638538,298.52123046875,268.91515739440916,BUY,0.63
262.1772766113281,264.2201109398073,259.093172383587,262.98052553353034,2975800,33.57697382994854,-12.30513980310792,297.8922375488281,269.0589712524414,BUY,0.615
260.5311279296875,263.2879649205831,258.28994762124285,262.39546939724477,3251700,32.701010944341036,-12.107198679397413,297.19787109375,269.20099853515626,BUY,0.565
268.3950500488281,269.7437348280519,259.0832993834148,260.8385415804349,2894200,40.66466491698958,-11.186821405682508,296.5546746826172,269.37604888916013,BUY,0.61
268.57354736328125,272.262555130423,265.9853072894728,266.788556296056,2129500,40.83580037465328,-10.32400385383346,295.93884826660155,269.53831634521487,BUY,0.615
268.2562561035156,268.30582742327675,262.95082356627415,265.6184142571553,4229700,40.6115735717422,-9.555665714516124,295.3138995361328,269.7143452453613,BUY,0.61
275.54498291015625,275.93174813474394,271.9452518327675,272.9369202896758,2651400,47.71404858323007,-8.263358017204837,294.81826354980467,269.9249976348877,BUY,0.65
276.9531555175781,277.45891609675317,273.908726200689,276.5763166753158,2767600,48.9834754006891,-7.044364051856633,294.54019958496093,270.1552840423584,BUY,0.65
273.70050048828125,279.7794331129964,272.3121706689033,277.66717440840125,2578600,46.19368207151607,-6.268505203258712,294.12330322265626,270.37589881896974,BUY,0.595
269.7536315917969,273.20464857383996,268.2859817048241,272.56996626128654,2312000,42.993843383045636,-5.904052567714814,293.5612255859375,270.5801242828369,BUY,0.61
263.2681579589844,270.36850788024526,260.81873561221323,268.375244558801,3261500,38.29913953138848,-6.0685898231943725,292.6322308349609,270.75305381774905,WAIT,0.53
266.80841064453125,268.0876715447522,256.84215384580483,260.30306739290023,3946000,42.020917947257196,-5.8459297399145385,291.7907012939453,270.9825951385498,BUY,0.605
268.2264709472656,268.6132058736818,262.9111127603215,263.52594230606616,2881400,43.491265475815325,-5.491739055190408,290.95611328125,271.2216373443604,BUY,0.62
272.95672607421875,275.0094869177007,264.34905165776297,264.6663928077667,2473700,48.209438161643426,-4.7743130207899185,290.1092279052734,271.4934312438965,BUY,0.655
245.75527954101562,258.82546228920495,245.1205972143731,258.0321396442208,7736200,31.77796627047225,-6.327734933571605,288.63303039550783,271.6162804412842,WAIT,0.545
232.50238037109375,237.76573032585105,227.46788228003444,236.7210186835098,9097500,26.957137094514223,-8.529903774137097,286.8199780273437,271.6558939361572,BUY,0.665
233.099365234375,240.7207669785877,219.31915502418525,224.15466408690654,6283600,27.490749805679215,-10.110420127091743,285.10871032714846,271.69337646484377,BUY,0.665
230.2239227294922,245.75525763508224,226.21423289841863,244.59115560495377,4782100,26.48704068639823,-11.46287798091194,283.43751373291013,271.7120545196533,BUY,0.665
261.037841796875,263.43570042549396,225.11977416027665,225.81625870806334,8640600,48.27966551376107,-9.933774459516428,282.3702987670898,271.88396591186523,BUY,0.65
245.6458282470703,254.21243984076077,237.31801266900578,253.73486299140325,4799900,41.63942852340747,-9.850406405877436,281.03074523925784,271.9735553741455,BUY,0.645
249.86447143554688,251.49620628475515,241.91473042292608,245.64583283866705,4413500,43.91619676470005,-9.336304270117978,279.7021820068359,272.08856689453125,BUY,0.645
254.09304809570312,256.3217501689846,250.8892736834668,255.227287413788,3067000,46.18255451647197,-8.489798712002028,278.4879400634766,272.22427856445313,BUY,0.635
256.5605163574219,259.3165765514404,254.0134349255809,254.70990428372804,3509100,47.51535554277751,-7.532997188759765,277.3412939453125,272.38354331970214,BUY,0.65
251.6454315185547,257.63509854312525,248.372017845552,253.87414871376308,4244900,45.11839959763255,-7.089606783750185,276.1102304077148,272.502737197876,BUY,0.63
250.04354858398438,254.3318263859362,245.85477291583553,251.67528337785248,3907500,44.33344952729009,-6.78921343234083,274.7539120483398,272.6028043365479,BUY,0.645
241.2878875732422,248.99883215717733,238.06422497327358,247.59594926143615,4302900,40.21512456607973,-7.174949850955784,273.2300164794922,272.6484678649902,BUY,0.615
251.14794921875,251.9638241863271,245.1284346389298,245.8746550781994,2324100,46.2684476015674,-6.6088415593349055,271.97035888671877,272.74471061706544,BUY,0.635
258.8290710449219,268.80852487917923,257.9535008384653,260.5503334899077,3872900,50.475271494338074,-5.477255925244037,270.9934387207031,272.8763000488281,BUY,0.615
265.9728698730469,266.64943578100315,256.6998299682792,256.7694844962772,2696300,54.07648839327828,-3.9583914230689174,270.17308044433594,273.04913429260256,BUY,0.56
263.47552490234375,267.5051033526982,262.66960921227286,265.6544911351396,1940100,52.63556636309569,-2.9225063956878614,269.3656475830078,273.1934962463379,BUY,0.61
263.61480712890625,266.64942462936034,261.2069892628589,263.6048478070981,1561500,52.71124820563152,-2.066499813191342,268.5391827392578,273.33273277282717,BUY,0.685
265.67437744140625,266.1320811947704,260.5105293241427,264.0923936777054,1730800,53.88465978842776,-1.2079933226235084,267.68369934082034,273.4831552886963,BUY,0.7
265.06744384765625,266.0723637198655,255.9137946394308,259.6448967030358,3522700,53.463642143234,-0.5700243266928737,266.7801788330078,273.63113510131836,BUY,0.735
267.1867370605469,271.2859700129528,265.1768971477617,266.64944981651837,2473800,54.79191060236004,0.10536536318926437,265.9771551513672,273.7632167816162,BUY,0.75
275.4548645019531,276.6985653256356,271.7237620309057,273.1167008806721,3099300,59.632777445805544,1.2928818065631162,265.4596856689453,273.90886169433594,BUY,0.66
276.62890625,280.1709637085845,272.69879956617916,274.0718501111857,2416300,60.2831214700341,2.302194238605466,265.13348693847655,274.05874862670896,DON'T BUY,0.48
273.9822692871094,276.7184106746956,272.231129082643,273.09677022720416,3064000,58.014076089594425,2.8556025203612307,264.75177673339846,274.19915214538577,DON'T BUY,0.45
274.847900390625,277.40495636376903,272.5097673230118,275.94236309934297,2329200,58.56343273495142,3.3256952220701805,264.4308148193359,274.37753242492676,DON'T BUY,0.445
282.23052978515625,284.0612536607161,277.32538127370066,278.3203418819694,3418000,63.008839648530284,4.245029510185702,264.2027655029297,274.58113273620603,WAIT,0.5
283.07623291015625,285.5536749379802,281.54398517692164,283.563753858273,2704600,63.4920176287461,4.9843927543196855,264.0293127441406,274.7783538818359,BUY,0.555
297.41363525390625,297.66237540335584,293.2447479200288,295.84158050566396,4089000,70.52187163612626,6.650588158150356,264.00853515625,275.0764208984375,WAIT,0.52
300.7765808105469,301.49295366561563,297.31413731420463,298.4881835488543,3531700,71.88917869301969,8.148490890363348,264.16350524902344,275.39529907226563,DON'T BUY,0.46
298.5876770019531,302.0899273228083,297.9409586958236,301.62229463429236,1954400,69.62544337225945,9.054587702775052,264.5130938720703,275.67506057739257,BUY,0.58
298.0404357910156,299.41348627817314,295.50329840477264,296.5479948899814,1955000,69.04011385461003,9.617651858603722,264.83765625,275.94221824645996,BUY,0.59
298.2095947265625,300.129861413223,296.32910460230556,298.84635372668833,2962200,69.1265148887777,9.962690279155765,265.33497802734377,276.1875754547119,BUY,0.59
297.79168701171875,299.37370104110624,294.1998939219275,295.51324916408953,2751300,68.6170412686493,10.086147226505034,265.87213745117185,276.4280802154541,BUY,0.595
294.677490234375,296.697259010217,292.70745734233805,294.9958545455448,2706600,64.78523599553516,9.819504952571663,266.58283142089846,276.6745255279541,BUY,0.615
284.5587463378906,292.63782197011676,283.67321678340903,291.5632778265305,3447500,54.195198637700166,8.69150075244761,267.20876251220704,276.9512917327881,BUY,0.645
285.7327575683594,287.59332890027866,283.63340542577663,284.1905808931818,2051800,55.112014033215665,7.802341653898452,267.7518667602539,277.265306930542,BUY,0.645
283.7826843261719,285.6532152493451,280.0416224798253,280.3998241112239,1724200,53.206979495076574,6.8612300598874185,268.3416497802734,277.54391593933104,BUY,0.645
292.2796325683594,292.37910433630674,286.69788787055893,289.06589893242653,2604300,59.73758079978738,6.723520493473359,268.9189044189453,277.87645614624023,BUY,0.62
291.8816223144531,293.89146212672864,290.90658037506785,291.9811244455993,1676900,59.319953515317344,6.507256961145345,269.5129913330078,278.18362007141116,BUY,0.64
293.8914489746094,295.1152310052002,291.3244337793383,294.76701910745265,2362200,60.80988664884396,6.423990998893487,270.18019775390627,278.47956825256347,BUY,0.61
292.5681457519531,294.2595908797013,290.160358157436,293.48352284358106,5251700,59.27063244003855,6.179983609009696,270.6636596679688,278.7728470611572,BUY,0.63
293.8417053222656,294.2596021409943,288.8669022429589,290.87674211982335,1751200,60.31185024411923,6.019977060048632,271.1690228271484,279.06292198181154,BUY,0.6
295.891357421875,296.7470089922129,291.1752233709006,293.7123912050336,2202400,61.995733006056824,5.989517087355068,271.72172485351564,279.33971084594725,BUY,0.585
294.4386901855469,297.14498429749364,294.30934044621523,296.3092210169527,1842100,60.051078375408395,5.7815135447415855,272.09959899902344,279.5809163665771,BUY,0.585
294.4685363769531,296.9957448517568,292.657731126363,295.0058236132191,1696900,60.07878552754452,5.555042504746439,272.4499066162109,279.81136726379395,BUY,0.565
300.94573974609375,301.9705479694617,297.7220770558469,298.7767328832434,2099000,65.64720786569833,5.831002585425324,272.9948114013672,280.06265899658206,WAIT,0.53
300.0403137207031,302.259086772021,298.07028081740697,302.259086772021,2097800,64.29709554255939,5.908532736804432,273.6005450439453,280.3142094421387,BUY,0.575
298.0105895996094,300.2592102842343,296.49826041035914,300.1796267958687,2045300,61.255726909097326,5.7400267119936075,274.29539367675784,280.58906265258787,BUY,0.575
297.59271240234375,301.8611017472463,297.1449680005658,298.6672564573091,2013500,60.619971912811785,5.509257979246058,274.91107971191406,280.85462310791013,BUY,0.57
296.4883117675781,297.07533490225677,292.5184285254312,295.1749867976171,1604500,58.88065634478234,5.177572363303057,275.4763165283203,281.0971957397461,BUY,0.565
286.3397216796875,291.85178158225904,284.70797170908037,291.07571352310856,3405600,45.8593560980894,4.049126903763238,275.74397644042966,281.2762962341309,BUY,0.585
292.7373046875,294.9560777241826,288.55845808278315,289.4638758592647,2307800,52.926629711466,3.629221818949077,276.68361694335937,281.48171073913574,DON'T BUY,0.455
291.33441162109375,293.1054402791878,289.48379947485756,290.6180387726631,2625800,51.34388617511824,3.1469660028264457,277.8602575683594,281.66994720458985,DON'T BUY,0.46
294.9262390136719,297.73200487297026,290.6080832221643,290.6080832221643,3691500,55.05017994231403,3.019794930311207,279.0967950439453,281.8625744628906,DON'T BUY,0.44
297.08526611328125,298.23942399156516,295.14511126471876,296.0803462443042,5687000,57.16247280844646,3.057975939217556,280.4340219116211,282.07186836242676,DON'T BUY,0.445
298.12005615234375,298.358836985311,290.40911132862925,295.3242192324613,3101700,58.176900781266866,3.135588459975736,281.1756661987305,282.3077489471436,DON'T BUY,0.45
306.825927734375,307.66169092130633,300.6273128099026,301.57253744238847,2805900,65.56512454659673,3.8551482709884226,282.3992681884766,282.5998388671875,DON'T BUY,0.38
307.0348815917969,309.2038883678513,305.6319835310129,307.33338798392657,2467200,65.72164339368231,4.391641327832758,283.54267639160156,282.89248008728026,DON'T BUY,0.42
309.85064697265625,310.6963392013441,306.6170249854977,308.01989272748517,3255200,67.84282003238012,4.986542911835386,284.65782836914065,283.2375853729248,DON'T BUY,0.47
315.591552734375,318.50677998281566,311.5221675550888,312.49720950282267,4605500,71.68939834059015,5.85377118899072,285.8384490966797,283.5775490570068,DON'T BUY,0.375
317.37255859375,318.5167572667825,315.9895487176976,316.97455004331323,3416600,72.77731877310765,6.608588441196503,287.1529916381836,283.95355392456054,DON'T BUY,0.44
320.9046630859375,322.74534639478486,314.70604719235865,315.33287727150355,3836200,74.84210551884472,7.406421251376173,288.57021392822264,284.3039990234375,DON'T BUY,0.34
323.9691162109375,324.9740361638089,319.72064525112927,321.3623242181313,3040200,76.50700069433783,8.191558075575301,290.22383850097657,284.6649806213379,DON'T BUY,0.32
327.3006896972656,328.3081467660213,323.36066074399855,324.5077481479725,1541800,78.19636244001207,8.979109220788018,291.74689331054685,285.0236248779297,DON'T BUY,0.325
321.9143371582031,327.5799741149255,319.4505786644934,326.69220890605254,2160300,69.49534630143434,9.064129895878011,293.0085986328125,285.34502563476565,BUY,0.58
316.1788635253906,323.6499232706157,316.14894056616134,323.6499232706157,2643900,61.63133394641659,8.569915948150026,294.01271850585937,285.6164842224121,BUY,0.62
316.5479431152344,320.11888171310915,316.50803568697387,317.85462981661595,2424200,61.92987781729059,8.114490674924525,295.0741668701172,285.90567504882813,BUY,0.62
324.41796875,325.27581098876743,316.6975408033281,317.04666229072825,2844400,67.70101203462399,8.293011486710043,296.29023010253906,286.20180084228514,BUY,0.595
318.6625671386719,323.53023821158735,318.3932604999666,322.16370564407777,2091200,60.48037447683331,7.879250609721396,297.34999389648436,286.4679655456543,BUY,0.635
320.1089172363281,320.95674458615787,316.87708534260145,318.4830320428373,1890900,61.5890833795295,7.58066530807929,298.4508233642578,286.7497003173828,BUY,0.62
309.8648376464844,318.64261423962455,309.6453924706447,317.8047105206396,3006500,50.732870558924425,6.443150072468086,299.30438537597655,286.9855923461914,BUY,0.65
311.1116943359375,311.70019951043287,305.83505581824505,311.65033805717553,2921900,51.84547299938819,5.577972571675332,300.01752197265625,287.22791595458983,BUY,0.58
314.552978515625,316.17886366216084,309.7950149129864,310.13418237166053,3223300,54.874436690974406,5.111078708503101,300.77600341796875,287.477677154541,BUY,0.57
307.17169189453125,311.07178287832505,301.7454386469303,311.07178287832505,5481100,47.912892964103555,4.098212176887671,301.4397918701172,287.67617446899413,WAIT,0.515
302.20428466796875,308.38862716527643,302.20428466796875,307.18166336290074,2667200,43.8785728753774,2.861692099265042,301.9869195556641,287.8491441345215,BUY,0.62
303.371337890625,305.38622162866375,300.96742521856,302.21426599615916,2296100,45.04925008308465,1.9533949496670289,302.40973571777346,288.04077697753905,BUY,0.715
307.8798828125,308.8075249839472,304.46851327690996,307.22154727263364,2139100,49.43727746996951,1.5791612228134113,302.9058087158203,288.2435061645508,BUY,0.645
307.4709167480469,309.7152300089815,306.2240760475276,307.5207781998889,2288100,49.05461914296611,1.2353379476547843,303.1069543457031,288.45568618774416,BUY,0.705
310.8224182128906,311.85979822666,306.73280495869034,308.6379812526481,2149300,52.31223882994693,1.2192390546529168,303.30787109375,288.6446542358398,BUY,0.68
309.9546203613281,312.70765442833897,308.50830338182914,310.81246261080213,1653800,51.395834090547666,1.1235054602431092,303.5352099609375,288.8400671386719,BUY,0.67
307.76019287109375,312.8273400933815,307.0719343679253,312.11914309752945,1796400,49.05559661650207,0.8606429815244496,303.72960510253904,289.0476585388184,BUY,0.75
302.6431579589844,307.9696578623574,300.6083053804714,307.77015117096397,3132400,44.02194591889957,0.2366921806333835,303.8182763671875,289.21823776245117,BUY,0.875
298.55352783203125,303.1419079778853,297.316671522621,301.13697826822295,2718200,40.44955787751335,-0.5810938094585936,303.83351318359377,289.37306823730466,BUY,0.81
293.5262451171875,294.1646421797134,287.6112400243181,293.28686143896397,3012900,36.525629584666376,-1.616223974852005,303.81048828125,289.4746154785156,BUY,0.7
297.8353271484375,298.34404789346183,294.783063559185,294.7930480256981,1876000,41.74233698800009,-2.0650604498057987,304.0760198974609,289.5959274291992,BUY,0.715
295.8902893066406,299.5909041622232,294.48384927527997,299.0921678577881,2181000,40.13875932586944,-2.5483392201288098,304.27917053222654,289.703606262207,BUY,0.6
294.7930603027344,297.2966958256238,293.69583435622513,296.4588224956843,3430500,39.22335721711399,-2.9854637701791944,304.4993780517578,289.78418197631834,BUY,0.56
293.985107421875,297.53610740719154,289.89546371461,296.94760223192003,2842500,38.52659903850436,-3.3583699720231266,304.53348754882813,289.84043624877927,WAIT,0.545
296.6782531738281,297.3764961348491,293.79557333401095,296.2493472831321,1778100,42.21159109974147,-3.3974230904398723,304.6294201660156,289.95462707519533,BUY,0.61
295.4813232421875,296.6882565811419,294.1447135930123,296.36905803912884,2316700,41.03428409039673,-3.484784780721327,304.66121765136717,290.09276092529296,BUY,0.575
302.44366455078125,304.2989794527931,297.7256385406314,298.1445599943302,2170500,49.80422103391814,-2.9581174561170087,304.8587280273438,290.25749496459963,BUY,0.64
306.09442138671875,306.82258736586806,301.6656404701001,303.9199383569728,2586800,53.69335160871888,-2.220547155556062,305.1037823486328,290.44627029418945,BUY,0.67
306.9522399902344,307.1716851697246,301.7454320409188,304.7677726618151,2108300,54.5837690390207,-1.5489433316958525,305.325,290.64551818847656,BUY,0.685
304.69793701171875,309.0269641682619,303.47103483298355,308.6778426923181,2728000,51.76667045798139,-1.1849366607843876,305.5301849365234,290.8465043640137,BUY,0.715
306.2739562988281,306.4634785321759,302.0247436301406,303.5009836282828,2115100,53.570783738581525,-0.7605203611182105,305.76629333496095,291.0349903869629,BUY,0.72
305.32635498046875,307.79011340737827,303.8002231899019,305.88493717567974,2215800,52.30400627594494,-0.4949256974754235,305.8539056396484,291.2238830566406,BUY,0.75
307.62054443359375,308.2389725764925,303.1019947631986,304.9573096323429,2481700,55.0738774553094,-0.09818626733539304,306.00551025390627,291.4061911010742,BUY,0.745
307.3911437988281,307.74023485563276,303.25160816639425,306.0146267436566,1848500,54.73160975927255,0.19546863461448538,306.1931213378906,291.6071389770508,BUY,0.75
318.3533630371094,320.8969060258312,309.3661250468485,309.4359554355142,2785200,65.7011488964687,1.2977916037588102,306.60833435058595,291.8499868774414,BUY,0.65
315.0018310546875,319.14136664646327,314.6128325744738,318.2536014318962,1599600,60.84649301360608,1.8792866310859608,306.9786047363281,292.0884440612793,WAIT,0.545
319.7897033691406,319.9792255875435,313.32607033203595,314.22378953263336,1848600,64.84300491233694,2.695396063551243,307.64760437011716,292.3223970031738,DON'T BUY,0.41
321.6449890136719,322.70230747835933,318.7024632640027,319.11143066116614,1970100,66.27935156737132,3.452081270732492,308.22575805664064,292.47055038452146,DON'T BUY,0.385
326.1635437011719,326.7121718752023,321.18616535172634,323.1711260115595,2194800,69.54303200289142,4.366040353757853,308.9223406982422,292.6825523376465,DON'T BUY,0.37
330.4427185058594,331.2207459086964,325.98401480948047,326.452828144552,2981300,72.2793139969974,5.373708390647323,309.63267028808593,292.9120916748047,DON'T BUY,0.285
330.34295654296875,330.5424632320098,321.89436270563266,325.8343915108418,3225100,72.11664703588076,6.093994834012221,310.2978240966797,293.11456832885744,DON'T BUY,0.42
322.891845703125,331.2307324392449,320.5976709072587,329.9140613061026,3439000,61.063030223395444,5.9944839766723135,310.7932598876953,293.3018516540527,BUY,0.585
329.8143005371094,330.2033294524219,322.004103675726,324.1785865815503,2485100,66.24020131116018,6.4004250412773445,311.25302734375,293.52805099487307,BUY,0.57
325.3955078125,331.61972700035346,324.40801969454753,329.85421148391936,2971800,60.69272815349192,6.293034432480226,311.62023986816405,293.7288916015625,BUY,0.63
324.5875549316406,326.6224075120284,323.181114945229,325.6847808544207,2264400,59.70809630895859,6.0727289173429995,311.91497802734375,293.9327661132813,BUY,0.62
323.520263671875,325.7645770512936,319.9892020982641,321.9741932977882,2056000,58.361173109369965,5.745779949805808,312.07355224609375,294.13788330078125,BUY,0.61
322.53277587890625,323.82947810114365,320.4280928339812,322.17366990877304,1846600,57.07821216386049,5.3453704225264005,312.1767565917969,294.3380136108398,BUY,0.57
328.4876708984375,329.8542034357215,321.6051163197291,322.68237329117045,2825900,62.44035047131121,5.44577771271139,312.3284167480469,294.5572337341309,BUY,0.555
324.48779296875,328.766958733731,323.2309678141739,328.766958733731,2000300,57.26536043387328,5.1433056668959125,312.33879028320314,294.73028610229494,BUY,0.585
326.4328918457031,329.43526366326546,325.1760666324992,325.2259280861717,1646300,59.04303234463002,5.002877556604858,312.32143432617187,294.8720063781738,BUY,0.57
326.21343994140625,327.1610206248115,322.88188518875484,326.97149840004096,1987600,58.74611669924319,4.818336548408922,312.40741638183596,294.9932878112793,BUY,0.555
335.1507873535156,336.6469962256295,327.56998964671567,328.0687259374203,3586500,66.20073842122025,5.331794109923351,312.78685485839844,295.15747497558596,DON'T BUY,0.48
340.80645751953125,341.60442337859314,334.15330225691804,337.64445616109475,3204000,69.90662245879193,6.124479060422516,313.2720251464844,295.35647018432616,WAIT,0.505
340.2578430175781,343.4896444491176,338.8613874879282,341.66428301401226,8632000,69.1149879044692,6.631969770083174,313.5888226318359,295.5505952453613,BUY,0.585
340.11822509765625,344.63677485091665,337.52479019625883,338.65193912789897,3328000,68.90114667833298,6.942860836517752,314.01793579101565,295.755993347168,BUY,0.56
340.6069641113281,348.30745366917927,339.15066266357303,341.07577744292394,2697600,69.25969516793785,7.146303264740709,314.42789672851563,295.9645770263672,BUY,0.56
339.6194763183594,344.12804143894033,337.6544541104959,342.1031733112798,2279100,67.56472162295728,7.145482172145876,315.02298950195313,296.1657992553711,BUY,0.575
339.3202209472656,339.9087261269983,333.1558475997796,336.05849651166136,2223900,67.0293660084375,7.039536646382942,315.5871600341797,296.3757649230957,BUY,0.57
340.8164367675781,342.4622604989713,338.16315595119426,340.58703754735546,1728600,68.37846044814327,6.995664500509463,316.11242919921875,296.57609634399415,BUY,0.57
341.44482421875,343.9784130047057,337.64445626003965,342.8911715842256,1658100,68.95304248691335,6.93169683816069,316.79789184570313,296.8155322265625,BUY,0.56
331.32049560546875,342.0931872861306,327.3206208213838,340.7366391896469,3327300,52.42472608033397,5.994947277846052,317.3802160644531,296.9776835632324,BUY,0.63
327.7295837402344,334.9213524153665,327.569984476874,330.163419235697,2598800,48.02741126494462,4.906253686893194,317.8673809814453,297.12074264526365,BUY,0.585
329.6447448730469,331.14095372342126,325.4553479158198,327.6198767798247,1907600,50.41619323375305,4.150153286491843,318.30267822265625,297.2834689331055,WAIT,0.505
329.40533447265625,331.20080337762374,327.88918711240467,331.1608959511719,2404000,50.1061547423113,3.4913734731947557,318.7413665771484,297.43589614868165,DON'T BUY,0.475
331.1509094238281,333.1558390344094,325.4254266017248,331.1608938904908,2116200,52.404380663917046,3.074695855198513,319.1479364013672,297.5899774169922,DON'T BUY,0.455
327.1410827636719,334.09346785291217,324.91670795522305,331.80924712499365,1708900,47.04371042829242,2.3933275507708345,319.4916656494141,297.7350407409668,WAIT,0.505
323.0015869140625,328.31810251573353,322.7621727888706,327.8393351462461,2184300,42.239949100731984,1.5020014034495262,319.79649353027344,297.9264837646484,BUY,0.79
323.6199951171875,327.48020899803885,323.2309662130043,325.6548476334578,2094800,43.173511068743196,0.8358838352454541,320.2160302734375,298.0948016357422,BUY,0.83
316.260009765625,328.1000061035156,315.95001220703125,325.20001220703125,2684700,35.76458635682259,-0.2826502286886807,320.5701599121094,298.1987663269043,BUY,0.795
323.1199951171875,324.3599853515625,319.05999755859375,319.1700134277344,1693100,45.20349149894392,-0.6085381968463821,321.1620349121094,298.3362887573242,BUY,0.825
332.8500061035156,336.3299865722656,320.5,321.6099853515625,2810400,55.248107298761546,-0.08074540721338508,321.8623284912109,298.49940963745115,BUY,0.745
330.6600036621094,336.9200134277344,330.2799987792969,333.8599853515625,2186000,52.89775152370416,0.15898658828103862,322.55772277832034,298.6489588928223,BUY,0.765
323.1199951171875,332.5,320.0,331.0199890136719,3268000,45.6907242315795,-0.25648317482421135,323.1242614746094,298.77535125732425,BUY,0.85
346.6199951171875,348.70001220703125,331.0,332.3800048828125,7025200,62.73290593899661,1.2955730868433761,324.1769592285156,299.03764541625975,BUY,0.655
349.4800109863281,350.2200012207031,342.6499938964844,347.3900146484375,3465400,64.20507569849133,2.7249566308523754,325.2329943847656,299.3169108581543,DON'T BUY,0.425
355.2200012207031,356.6700134277344,350.7900085449219,352.0899963378906,2658400,67.02085820749426,4.271681344930869,326.4277679443359,299.6167636108398,DON'T BUY,0.38
352.0,357.7300109863281,349.17999267578125,355.2799987792969,2710000,63.98029883006285,5.177956378583872,327.4188946533203,299.8739892578125,BUY,0.555
354.92999267578125,356.17999267578125,350.54998779296875,352.7200012207031,1892600,65.51346168585684,6.062724480185352,328.3956060791016,300.1518148803711,BUY,0.56
357.55999755859375,362.32000732421875,356.8699951171875,358.3999938964844,2397500,66.87635243006716,6.896628943827523,329.40776123046874,300.4420964050293,BUY,0.565
361.6700134277344,362.8399963378906,358.9100036621094,362.0,2179900,68.94200145219264,7.799243348563266,330.54720275878907,300.74881256103515,BUY,0.59
361.0299987792969,362.5299987792969,359.44000244140625,361.2200012207031,1416800,68.22846677021467,8.366484310819146,331.64232360839844,301.0996807861328,BUY,0.6
358.2200012207031,362.0,355.8800048828125,359.0,1840500,65.0453807719756,8.491399968187977,332.7001965332031,301.4180541992188,BUY,0.59
358.8800048828125,365.75,357.9599914550781,358.5899963378906,2045100,65.45305893135031,8.54515013469154,333.7253857421875,301.72316665649413,BUY,0.59
360.7300109863281,361.989990234375,356.0,357.0,2155600,66.62797522494748,8.637460294657728,334.7921630859375,301.97822723388674,BUY,0.58
361.6199951171875,363.5400085449219,358.8500061035156,361.0,1822900,67.20578953329922,8.682346358692314,335.6574957275391,302.2419027709961,BUY,0.595
360.489990234375,362.5400085449219,356.8500061035156,359.32000732421875,1887800,65.65149578334533,8.528426545176671,336.5672589111328,302.4945733642578,BUY,0.59
365.79998779296875,367.82000732421875,356.4100036621094,359.69000244140625,2195800,69.25035756812952,8.734233601424876,337.4874645996094,302.74706832885744,BUY,0.585
365.7300109863281,369.260009765625,362.4100036621094,366.0400085449219,2354600,69.14753734604106,8.790360825004882,338.3691650390625,302.9778926086426,BUY,0.59
368.5400085449219,370.0,361.0,364.1400146484375,2752200,71.00900762026016,8.958319442740333,339.2166943359375,303.2048176574707,WAIT,0.525
367.8800048828125,371.79998779296875,362.760009765625,369.4800109863281,2876800,69.94160818160636,8.935171977119865,339.96544006347654,303.4509039306641,WAIT,0.545
370.1600036621094,373.0799865722656,366.260009765625,367.8900146484375,2132900,71.53352430644095,8.997091421183086,340.76178100585935,303.73278518676756,DON'T BUY,0.485
372.7699890136719,377.2300109863281,370.510009765625,371.1099853515625,2961500,73.27817578200298,9.15127680943499,341.7593438720703,304.0246421813965,DON'T BUY,0.415
364.7300109863281,373.8900146484375,363.3399963378906,371.0899963378906,2273500,60.896752092467814,8.526423503924718,342.45765808105466,304.2851747131348,BUY,0.625
357.17999267578125,362.20001220703125,355.3999938964844,361.79998779296875,2943500,52.009693266151125,7.337418188465108,343.0933477783203,304.48961151123046,BUY,0.655
341.25,358.2300109863281,339.3999938964844,356.2200012207031,3599000,39.058008291299004,5.051475369584409,343.4265966796875,304.6218357849121,BUY,0.675
340.6600036621094,343.7300109863281,334.1000061035156,336.8500061035156,4216800,38.67387837614122,3.15586262277111,343.7693914794922,304.7556716918945,BUY,0.585
344.6400146484375,345.32000732421875,340.739990234375,341.7099914550781,2005000,42.763303275153405,1.9522254482766357,344.2115362548828,304.91287872314456,BUY,0.71
343.79998779296875,353.1300048828125,340.32000732421875,349.9700012207031,3095700,42.124821661701525,0.9199465971877316,344.5177825927734,305.0425813293457,BUY,0.785
352.8900146484375,356.30999755859375,344.29998779296875,345.6000061035156,3044100,50.702314415076096,0.825827741104888,345.0858270263672,305.2196180725098,BUY,0.725
355.92999267578125,356.3900146484375,350.17999267578125,353.6199951171875,3330900,53.20036072250245,0.9851821239493574,345.67576904296874,305.4286138916016,BUY,0.67
362.6400146484375,363.7900085449219,355.30999755859375,357.04998779296875,2059400,58.231444936336146,1.6340776852621843,346.40430053710935,305.70343856811525,BUY,0.615
363.9700012207031,366.7300109863281,362.7099914550781,362.7099914550781,1679900,59.16840994246674,2.229945470571124,346.9806848144531,305.9883346557617,DON'T BUY,0.485
365.2699890136719,367.5299987792969,364.010009765625,365.69000244140625,872300,60.11032368454772,2.775083696442323,347.46995544433594,306.29544876098635,DON'T BUY,0.435
360.30999755859375,366.5299987792969,360.1400146484375,363.8599853515625,2229100,54.90603629687204,2.7748925756064864,347.8709985351563,306.57230850219725,DON'T BUY,0.435
360.70001220703125,363.6600036621094,357.3500061035156,362.0799865722656,2135400,55.23423952237295,2.774232409293006,348.28263427734373,306.833565826416,DON'T BUY,0.44
368.1300048828125,370.20001220703125,360.79998779296875,361.0199890136719,2651800,61.05020430524748,3.3348059692602305,348.8330950927734,307.12299850463864,DON'T BUY,0.42
371.1499938964844,373.05999755859375,368.1300048828125,368.989990234375,2027200,63.14606004412112,3.9769090960316476,349.4637054443359,307.4420588684082,DON'T BUY,0.465
370.3500061035156,374.8800048828125,369.05999755859375,369.45001220703125,1978700,62.191398982877125,4.370843754934413,350.08430114746096,307.78716720581053,WAIT,0.51
362.2799987792969,370.0,360.70001220703125,369.9100036621094,2581400,53.41803563004024,3.985910567186295,350.5135723876953,308.13387298583984,DON'T BUY,0.495
363.9100036621094,368.07000732421875,362.5,363.0299987792969,2197600,54.80487772545498,3.7689301336229732,350.9628759765625,308.4880841064453,DON'T BUY,0.44
375.57000732421875,377.9800109863281,363.0,363.0,2804400,63.23664829074996,4.486123189961006,351.8478662109375,308.91145416259764,WAIT,0.54
384.8900146484375,385.9200134277344,375.6000061035156,376.5,2975800,68.3236773954698,5.740379038426056,352.99107482910154,309.3677392578125,WAIT,0.52
382.55999755859375,387.489990234375,378.6000061035156,386.489990234375,2477800,65.86974474035634,6.471770387880667,354.0493798828125,309.8217948913574,BUY,0.58
382.57000732421875,385.75,379.8699951171875,384.3999938964844,2734700,65.87541506951102,6.971843929151305,355.11267333984375,310.2423823547363,BUY,0.57
380.75,384.7799987792969,378.82000732421875,384.0,2584400,63.799915038760616,7.13900245637268,356.1046551513672,310.6809919738769,BUY,0.61
375.6099853515625,384.3399963378906,374.54998779296875,381.54998779296875,2973900,58.22093907911371,6.778581302538271,357.074033203125,311.1535006713867,BUY,0.64
375.5199890136719,380.5400085449219,373.8500061035156,380.0,2884400,58.125099860123456,6.411772071838698,358.1244012451172,311.6220390319824,BUY,0.645
376.510009765625,377.54998779296875,372.7699890136719,375.5400085449219,7934300,58.9261028096153,6.130293309231718,359.18220153808596,312.1378715515137,BUY,0.625
380.8500061035156,382.4200134277344,377.0799865722656,378.3299865722656,2747400,62.3280544020613,6.18611115683035,360.47400146484375,312.6874530029297,BUY,0.61
382.19000244140625,384.54998779296875,380.1000061035156,380.75,1768200,63.33772692488901,6.266240390229825,361.6554016113281,313.3026890563965,BUY,0.635
383.1099853515625,384.7300109863281,380.739990234375,382.19000244140625,817100,64.05012172891958,6.330998507347488,362.66060119628906,313.951928024292,BUY,0.605
381.04998779296875,382.6700134277344,380.2699890136719,382.3299865722656,1114900,61.18326724521288,6.145256503180406,363.66840087890625,314.56429023742675,BUY,0.605
375.32000732421875,381.3900146484375,374.9700012207031,381.0,1736800,53.94979810268356,5.472608268754016,364.7124011230469,315.1694226074219,BUY,0.58
373.3900146484375,375.42999267578125,372.95001220703125,375.0299987792969,1319500,51.73132203493067,4.729279230394582,365.2478015136719,315.7192881774902,BUY,0.575
369.95001220703125,374.3699951171875,369.8699951171875,373.2699890136719,1469300,47.94678960739188,3.8185878605090693,365.6572015380859,316.2581518554687,DON'T BUY,0.485
