Close,High,Low,Open,Volume,rsi,macd,sma_50,sma_200,Date,action,prob
MSFT,MSFT,MSFT,MSFT,MSFT,,,,,,,
447.5799560546875,451.06969358680703,446.3173019248347,447.3811293692874,16883500,67.05954947555634,16.42258106631033,400.37849182128906,411.87183654785156,2025-05-23,DON'T BUY,0.295
458.0292663574219,458.2877744248074,453.48565331857327,453.8435898996704,20974300,71.93098443828197,16.295145113199055,401.8269189453125,412.19640853881833,2025-05-27,DON'T BUY,0.29
454.7184753417969,459.84867709346275,454.2909661144885,458.55619745791415,17086300,68.47563277619922,15.74549378557549,403.2063507080078,412.4834107971191,2025-05-28,DON'T BUY,0.32
456.0308837890625,459.05333474747385,452.68035209769624,458.884303233251,13974800,69.10910656686937,15.24011300575961,404.71484436035155,412.76054718017576,2025-05-29,DON'T BUY,0.34
457.7011413574219,459.0135248792732,452.90900269221845,457.0648535034259,34770500,69.93707285132564,14.803722821832707,406.17139587402346,413.0421376037598,2025-05-30,DON'T BUY,0.34
459.3018493652344,459.44102500437896,454.25120274050374,454.4997588416313,16626500,70.74631068782494,14.420810093489536,407.6794128417969,413.29621170043947,2025-06-02,DON'T BUY,0.35
460.29608154296875,461.4593374660713,458.19825223653834,458.8047449110186,15743800,71.2637218752233,14.035779496077055,409.1195849609375,413.5411972045898,2025-06-03,DON'T BUY,0.35
461.1908874511719,463.00038321907994,460.3457906064832,461.3201414833542,14162700,71.74803862110262,13.645545972307616,410.5415307617188,413.7663412475586,2025-06-04,DON'T BUY,0.3
464.9788818359375,466.93750520910584,461.3499686746429,462.2745901279283,20131700,73.76391184227325,13.486478849366335,411.9979522705078,414.02307723999024,2025-06-05,DON'T BUY,0.325
467.6632995605469,470.6061954238558,466.0725343793748,467.37496597576217,15285600,75.11882349674006,13.422303128804401,413.61107360839844,414.2781118774414,2025-06-06,DON'T BUY,0.29
470.0196228027344,470.69568816704816,465.9134708467471,466.98725027602023,16469900,76.27693950798323,13.407031092085049,415.25921508789065,414.5287675476074,2025-06-09,DON'T BUY,0.27
468.2001953125,470.06931180763127,464.26304461137784,468.4686249933991,15375900,73.43465983017639,13.097139627148522,417.1047772216797,414.77358795166015,2025-06-10,DON'T BUY,0.375
469.890380859375,472.72392676786,466.94748481913814,467.3053910772251,16399200,74.38938394154542,12.839921632693631,419.05182495117185,415.0693125915527,2025-06-11,DON'T BUY,0.285
476.104248046875,477.6453141185156,470.7851412769109,472.2764779222473,18950600,77.57958736594478,12.98776677868841,420.9881829833984,415.38997817993163,2025-06-12,DON'T BUY,0.04
472.2168273925781,476.4124557062983,470.0295518485209,473.6584649544854,16814500,71.5729485922849,12.645483501518811,422.8477850341797,415.7075160217285,2025-06-13,DON'T BUY,0.045
476.3727111816406,477.91374692205306,472.25660744971805,472.4653860858625,15626100,73.89953327101865,12.564728261820903,424.9697332763672,416.0441035461426,2025-06-16,DON'T BUY,0.04
475.279052734375,475.97499162724574,471.3419021646973,472.65428568792316,15414100,72.22430716003124,12.271027291770622,427.3331915283203,416.3912351989746,2025-06-17,DON'T BUY,0.045
477.4663391113281,478.2219594008936,471.71972301658775,475.2392860574369,17526500,73.5173184471418,12.075563310641826,429.7796948242187,416.7368490600586,2025-06-18,DON'T BUY,0.04
474.6427307128906,480.6677282539423,474.11579298541653,479.4448516392065,37576200,69.0486695794207,11.559563643379022,432.23522521972654,417.04847717285156,2025-06-20,DON'T BUY,0.045
483.1930847167969,484.932977511559,469.7810065395394,475.44806772339973,24864000,74.1689421347187,11.70563700246339,434.14862182617185,417.44091201782226,2025-06-23,DON'T BUY,0.04
487.279296875,489.0092679302753,483.9884166007436,486.1260232932434,22305600,76.19565185428965,12.012650011489029,436.32515380859377,417.856446685791,2025-06-24,DON'T BUY,0.03
489.4268493652344,491.70363180611855,486.5635084927723,489.1981971647186,17495100,77.20779794844461,12.287605701411167,438.4037152099609,418.28523971557615,2025-06-25,DON'T BUY,0.03
494.57696533203125,495.1635541172166,489.9637493151316,490.13278082199906,21578900,79.46298296582063,12.773832593129839,440.59798217773437,418.77284637451174,2025-06-26,DON'T BUY,0.03
493.0756530761719,496.41623250794254,490.18245642116284,494.6763398018984,34539200,77.06903601043626,12.889446045226862,442.8035064697266,419.233078918457,2025-06-27,DON'T BUY,0.03
494.5372009277344,497.86785899517616,492.4691970236715,494.1693427257206,28369000,77.77112762147785,12.949728822974805,445.3185162353516,419.6587094116211,2025-06-30,DON'T BUY,0.03
489.2081298828125,495.17347659984546,488.14433277768,493.602615314542,19945400,69.4245626442779,12.424272581752462,447.8029626464844,420.0140057373047,2025-07-01,DON'T BUY,0.045
488.2536926269531,490.6497772469701,485.87751191483574,487.1600396387865,16319600,68.0166199281577,11.794865744637889,450.4402044677734,420.34495895385743,2025-07-02,DON'T BUY,0.04
495.95892333984375,497.2414813819725,490.59011735274714,490.95797554637323,13984800,72.81058291596179,11.781988584455291,453.078720703125,420.6966958618164,2025-07-03,DON'T BUY,0.045
494.84539794921875,495.8694479262707,492.36978876052433,494.50736527479916,13981600,71.15080756002216,11.548803728826897,455.544716796875,421.03915832519533,2025-07-07,DON'T BUY,0.05
493.7517395019531,495.3226311177228,491.25622643335066,494.36815380384166,11846600,69.47565741302222,11.147255333566136,457.7326013183594,421.3573226928711,2025-07-08,DON'T BUY,0.03
500.6019592285156,503.8530622357068,496.85371365827956,497.41047691930333,18659500,73.65891859248543,11.252073915653739,459.96718139648436,421.73118713378904,2025-07-09,DON'T BUY,0.02
498.58367919921875,501.52657502305914,494.87521114411277,500.14458849842043,16492100,70.589403470911,11.044965578306574,462.17509094238284,422.05601593017576,2025-07-10,DON'T BUY,0.03
500.4130554199219,502.1131707269345,494.9249170598048,495.59106078877636,16459500,71.73898171142768,10.902765803651334,464.36242614746095,422.40689376831057,2025-07-11,DON'T BUY,0.03
500.1147766113281,501.05930198422453,498.1362796464767,498.6234399223271,12058800,71.24996532476708,10.643313359533352,466.51958129882814,422.7649786376953,2025-07-14,DON'T BUY,0.035
502.89862060546875,505.36427783294863,499.88612172349406,500.11477392946824,14927200,73.09342563106176,10.540820357440339,468.1341931152344,423.15843154907225,2025-07-15,DON'T BUY,0.03
502.69976806640625,503.793421043838,498.99133023831314,502.2623068754336,15154400,72.73466252428558,10.324533382799075,469.54872924804687,423.53636047363284,2025-07-16,DON'T BUY,0.03
508.7446594238281,510.40499725185873,502.6997578215743,502.75940886082554,17503100,76.50924169504842,10.519632831375418,471.0664978027344,423.9484674072266,2025-07-17,DON'T BUY,0.02
507.10418701171875,511.6677041033988,504.499323712682,511.50859420333654,21209700,73.53407430071502,10.421742772953507,472.60822265625,424.3686320495606,2025-07-18,DON'T BUY,0.025
507.1141357421875,509.1324405638626,502.6301736290422,503.7834776665751,14066800,73.54079412212346,10.227075614250623,474.1493524169922,424.777578125,2025-07-21,DON'T BUY,0.025
502.3517761230469,508.2475501614973,502.3517761230469,508.01886761548803,13868600,65.02907257321266,9.578107407879543,475.49956787109375,425.2102067565918,2025-07-22,DON'T BUY,0.015
502.94830322265625,503.8630030405687,497.80817995491657,503.8232255681408,16396600,65.5666744002994,9.00809052014597,476.8505987548828,425.66341232299806,2025-07-23,DON'T BUY,0.025
507.9294128417969,510.703277326071,504.37007217269974,505.83158338819493,16107000,69.74862848305736,8.856193264102217,478.0922515869141,426.14443923950193,2025-07-24,DON'T BUY,0.06
510.7430419921875,515.2965460849812,507.4123538189797,509.5101527540243,19125700,71.8298347466125,8.86070921208642,479.39255798339843,426.64190658569333,2025-07-25,DON'T BUY,0.055
509.5400390625,512.0256002286585,507.17377997770546,511.110930710653,14308000,69.62429258531964,8.667304559140803,480.5933825683594,427.1655819702148,2025-07-28,DON'T BUY,0.135
509.609619140625,514.6304403339567,508.6054427654301,512.5525452747698,16469200,69.68227682815608,8.422554543160402,481.77531677246094,427.664054107666,2025-07-29,DON'T BUY,0.145
510.2757568359375,512.9701269930791,506.49771598970693,512.1946027794743,26380400,70.2674435540926,8.187954494446672,482.9479052734375,428.1522660827637,2025-07-30,DON'T BUY,0.145
530.4187622070312,552.2420017670738,528.8280273057109,552.0232408256204,51617300,81.7427346195317,9.517690446060783,484.43188537597655,428.74919906616213,2025-07-31,DON'T BUY,0.015
521.0829467773438,532.7054326872741,517.8517174087783,531.9100652869249,28977600,68.53937965426196,9.706305240586175,485.7430676269531,429.2970808410644,2025-08-01,DON'T BUY,0.015
532.5464477539062,535.1413592423181,525.0798117410876,525.2190177406763,25349000,74.07644231345478,10.657934513736791,487.394873046875,429.8883432006836,2025-08-04,DON'T BUY,0.025
524.701904296875,534.196734767709,524.194840165689,534.077432699505,19171600,65.57165623942072,10.656279514490677,488.84425231933596,430.4423597717285,2025-08-05,DON'T BUY,0.015
521.908203125,528.6291703469228,521.0034855448089,527.8338028961505,21355700,62.80610262462906,10.31068442713132,490.3308172607422,430.99535629272464,2025-08-06,DON'T BUY,0.03
517.8319091796875,525.0400367197672,514.5608717763297,523.757448292983,16079100,58.9024638967497,9.597243922284804,491.5268701171875,431.52500610351564,2025-08-07,DON'T BUY,0.015
519.0248413085938,521.6297041680745,516.4100264967077,519.5816044995674,15531000,59.69203914692373,9.024072939628013,492.81299743652346,432.05350372314456,2025-08-08,DON'T BUY,0.02
518.7564697265625,524.542862850504,516.7182612189127,519.2833770884752,20194400,59.415483297104544,8.450760357616616,494.06750915527346,432.5775953674316,2025-08-11,DON'T BUY,0.055
526.183349609375,527.9132904806338,519.6811434112465,520.7250669698358,18667000,64.33938943794232,8.497736526377707,495.4371533203125,433.09567611694337,2025-08-12,DON'T BUY,0.075
517.5734252929688,529.6234217995657,516.3703917601634,529.0368026236954,19619200,55.875864807074066,7.750869345307649,496.6025848388672,433.5850891113281,2025-08-13,DON'T BUY,0.05
519.46240234375,522.9123929469488,517.13595097363,519.5419572956574,20269100,57.205921156730234,7.228075628060878,497.7859112548828,434.0833042907715,2025-08-14,DON'T BUY,0.05
517.1657104492188,523.0614541020369,516.0820397908819,519.7507304052322,25213300,55.03379985972236,6.552896289593718,498.90540771484376,434.55313385009765,2025-08-15,DON'T BUY,0.02
514.1134643554688,519.8004600468895,511.05129658888984,518.5775833311014,23760600,52.19723894917431,5.705748728733738,499.8880993652344,435.0154119873047,2025-08-18,DON'T BUY,0.015
506.8257751464844,512.1846290296555,505.61282013208876,512.0255798217245,21481000,46.08901414284912,4.3956522273007295,500.6713488769531,435.4147613525391,2025-08-19,DON'T BUY,0.105
502.7992248535156,508.0487290990465,501.526618683124,506.92525053820776,27723000,43.0887509485149,2.9979241503593244,501.3269409179687,435.7911116027832,2025-08-20,DON'T BUY,0.05
502.15185546875,505.5278315490841,500.6381609615915,501.6041452591809,18443300,42.6085069300805,1.8170316702061768,502.00597412109374,436.2936116027832,2025-08-21,DON'T BUY,0.075
505.1295166015625,508.6150227226763,500.32946944945456,502.1618461633245,24324200,45.61122878485513,1.1086583169179107,502.7107568359375,436.7911323547363,2025-08-22,DON'T BUY,0.13
502.17181396484375,506.0855321115255,502.0323791323648,504.5319946732823,21638600,43.19380408349267,0.3050885754647652,503.2321081542969,437.28330429077147,2025-08-25,DON'T BUY,0.065
499.96099853515625,502.88882606141556,496.4456179190968,502.2713680297872,30835700,41.42637976250349,-0.5043269949988485,503.78699157714846,437.7495954895019,2025-08-26,DON'T BUY,0.07
504.64154052734375,505.18928116929357,497.82986914621193,499.92117896114246,17277900,46.42457630187727,-0.7593606078656876,504.3523681640625,438.19619354248044,2025-08-27,DON'T BUY,0.165
507.529541015625,508.9735181763212,503.406670609209,504.99008260275673,18015600,49.299393389632904,-0.7201377800453201,504.9973779296875,438.63128524780274,2025-08-28,DON'T BUY,0.175
504.59173583984375,507.4896888132377,502.40083415821226,506.5535790393771,20961600,46.562301042633536,-0.9155557747777721,505.5398858642578,439.06597061157225,2025-08-29,DON'T BUY,0.165
503.0282287597656,503.90458943006223,494.75264396148896,498.3974910813857,18128000,45.126350022470284,-1.182951568779174,506.1075958251953,439.5152265930176,2025-09-02,DON'T BUY,0.095
503.2572937011719,505.68719181229375,500.2398424947412,501.70375627159575,16345100,45.39205791740382,-1.3606957816449494,506.5088800048828,439.94081817626954,2025-09-03,DON'T BUY,0.135
505.866455078125,506.04570238922344,501.0664078062513,502.2116394820944,15509500,48.45377112156733,-1.2763093339436296,506.8806231689453,440.36873107910156,2025-09-04,DON'T BUY,0.185
492.9501647949219,509.8498918622262,490.3310509759443,506.9619070760115,31994800,37.30361088999674,-2.2260090988326056,506.9510894775391,440.72371002197264,2025-09-05,DON'T BUY,0.095
496.13690185546875,499.1244784694731,492.9800158612091,496.04724781279185,16771000,40.9161725117203,-2.6904955981312355,506.9822882080078,441.1533851623535,2025-09-08,DON'T BUY,0.105
496.34600830078125,500.17010260105087,495.6389570336189,499.3534910580183,14410500,41.15577012620629,-3.007067747549627,507.0476953125,441.5803498840332,2025-09-09,DON'T BUY,0.08
498.29791259765625,501.1460848531792,494.6630336933239,500.8971201283455,21611800,43.4606100634423,-3.0651183167443605,507.12290954589844,442.0070417785644,2025-09-10,DON'T BUY,0.095
498.9352722167969,501.08633106619584,495.8182290284252,500.17012751524385,18881600,44.22878075639046,-3.024825906276135,507.3174523925781,442.44828735351564,2025-09-11,DON'T BUY,0.09
507.7884521484375,510.42747218178897,501.7635178992086,504.55191069082485,23624900,53.649074691326454,-2.252550252174103,507.7081475830078,442.9426629638672,2025-09-12,DON'T BUY,0.145
513.225830078125,513.3353599697668,504.9004642300766,506.68306017742736,17143800,58.306998582888106,-1.188069944715437,508.0534857177734,443.44377349853517,2025-09-15,DON'T BUY,0.175
506.9320068359375,515.0880630075219,506.4938265025834,514.7395367165727,19711900,51.81605240409649,-0.8426075129526112,508.2952178955078,443.9045506286621,2025-09-16,DON'T BUY,0.135
507.9079284667969,509.1726886784055,503.8348693472275,508.5054498653079,15816600,52.69543021807431,-0.484492400557599,508.5783416748047,444.3246482849121,2025-09-17,DON'T BUY,0.14
506.3444519042969,510.9453149965379,505.55771489166153,509.37184097126715,18913700,51.08684769193364,-0.32311837844696356,508.6931915283203,444.7616888427734,2025-09-18,DON'T BUY,0.13
515.7852172851562,517.1495391803752,508.19677696926453,508.44574170609144,52474100,59.188186548706796,0.5601060097533264,509.03722229003904,445.24360595703126,2025-09-19,DON'T BUY,0.16
512.3196411132812,515.5959951267806,510.41751650985566,513.4549348866175,20009300,55.550918427923584,0.9692517359742965,509.2753540039063,445.6709552001953,2025-09-22,DON'T BUY,0.155
507.1212463378906,512.4590659268906,505.2091838485409,511.67229848312854,19799600,50.53436347506157,0.8640751378430309,509.4154833984375,446.0712229919434,2025-09-23,DON'T BUY,0.14
508.0373840332031,510.35772177145367,504.82077941210207,508.26644250853604,13533700,51.367879050621916,0.8449070194136539,509.5182586669922,446.4452697753906,2025-09-24,DON'T BUY,0.135
504.9303283691406,507.89799878212006,502.94857891661616,506.1950582100621,15786500,48.38979555808367,0.57240440049776,509.56286987304685,446.7780302429199,2025-09-25,DON'T BUY,0.175
509.3419494628906,511.8116903059077,504.52199636524745,507.9477531769938,16213100,52.59247594428593,0.7043062603870567,509.57481567382814,447.1281443786621,2025-09-26,DON'T BUY,0.125
512.4689331054688,514.7096154882738,506.77264973451184,509.3817950243417,17617800,55.36682230872275,1.0490678798178124,509.68211059570314,447.4817608642578,2025-09-29,DON'T BUY,0.15
515.8051147460938,516.0142062084105,507.54943619028296,511.11459757878936,19728200,58.17884117586314,1.5733592181701965,509.8559301757812,447.865379486084,2025-09-30,DON'T BUY,0.17
517.5578002929688,518.3544751787417,509.5709932440202,512.6680995330014,22632300,59.618251274005864,2.106014136935812,510.16005065917966,448.22973251342773,2025-10-01,DON'T BUY,0.165
513.6041870117188,519.4399047558908,508.56514411884206,515.4963429681408,21222900,55.018131060424594,2.1839482515734403,510.37316833496095,448.5714949035644,2025-10-02,DON'T BUY,0.155
515.20751953125,518.3345307125708,512.8672756929882,514.9585548343116,15112300,56.48451558301533,2.3480206135845947,510.51873046875,448.93261428833006,2025-10-03,DON'T BUY,0.165
526.3811645507812,528.8309994124726,516.0541122577388,516.4623876768178,21388600,65.03830895302184,3.3411541681304016,510.83149291992186,449.3282087707519,2025-10-06,DON'T BUY,0.1
521.8101196289062,527.6060256392368,519.2806599401652,526.1022689962125,14615200,59.854850897742445,3.7165326667489467,511.07689453125,449.68673568725586,2025-10-07,DON'T BUY,0.075
522.676513671875,524.7678538085896,520.923853084141,521.1130687043808,13363400,60.4974791436174,4.037393036139861,511.338232421875,450.1341265869141,2025-10-08,DON'T BUY,0.065
520.2366943359375,522.158694647609,515.2574000210162,520.1769452354545,18343600,57.69654168123422,4.048139725688884,511.537451171875,450.5711013793945,2025-10-09,DON'T BUY,0.07
508.84405517578125,521.4118200258811,507.5195762105422,517.4881335274953,24133800,46.8005157210308,3.101612330357966,511.10595703125,450.9532423400879,2025-10-10,DON'T BUY,0.125
511.9212646484375,514.2714771071726,509.56108387533754,514.2714771071726,14284200,49.57076063624174,2.5701604277850265,510.9227233886719,451.3574545288086,2025-10-13,DON'T BUY,0.16
511.4432067871094,513.146147202046,503.9045484424133,508.1170420708167,14684300,49.142629100809266,2.0863554846629313,510.50065856933594,451.7390719604492,2025-10-14,DON'T BUY,0.19
511.3038330078125,515.0482722356254,507.88804423946306,512.8275263160849,14694700,49.009730854938965,1.6724117606813707,510.2326971435547,452.12603408813476,2025-10-15,DON'T BUY,0.19
509.4913330078125,514.7096236704256,506.02576365101777,510.4573477017149,15559600,47.221267192444664,1.1844511591494893,509.98435974121094,452.54147048950193,2025-10-16,DON'T BUY,0.165
511.4532165527344,513.3453119402852,505.20916197429216,506.9320087638593,19867800,49.374766494266275,0.9451513563003573,509.8567858886719,452.9949430847168,2025-10-17,DON'T BUY,0.175
514.6498413085938,516.5519656323323,511.30377036778043,512.4788764440519,14665600,52.7571655182871,1.0018962051759672,509.7692858886719,453.48088928222654,2025-10-20,DON'T BUY,0.13
515.5162963867188,516.5420602391357,510.91543308707116,515.3569857054445,15586200,53.660907386608734,1.1040557231463026,509.704482421875,453.9856278991699,2025-10-21,DON'T BUY,0.14
518.3843383789062,523.0549187669818,515.566101626736,518.9918584655633,18962700,56.619129991572535,1.40030307451525,509.54850219726563,454.4810852050781,2025-10-22,DON'T BUY,0.17
518.404296875,521.7802730707533,516.4623598997719,520.2964530626382,14023500,56.63987439016551,1.6180399611793064,509.56511962890625,454.95435791015626,2025-10-23,DON'T BUY,0.17
521.441650390625,523.1744351060786,518.5536961256696,520.6250388201142,15532400,59.79108316521111,2.012488344157532,509.6047045898438,455.4699548339844,2025-10-24,DON'T BUY,0.17
529.3189697265625,532.3662956890146,526.819354031342,529.577902779321,18734700,66.57558875260644,2.9269849064044138,509.84776977539065,456.014093170166,2025-10-27,DON'T BUY,0.155
539.8251953125,551.4269140414981,538.5305910090683,547.722348424072,29986700,73.09588700981126,4.448218329192173,510.36200439453125,456.63854385375976,2025-10-28,DON'T BUY,0.13
539.3073120117188,544.0077970763692,534.5072653816836,542.6832878753321,36023000,72.34669649526694,5.548063302206401,511.01163513183593,457.26912078857424,2025-10-29,DON'T BUY,0.115
523.582763671875,532.7545848667123,519.9578228356851,528.2831883129468,41023100,54.186473619846446,5.092159486977039,511.42730590820315,457.828602142334,2025-10-30,DON'T BUY,0.03
515.6656494140625,527.1279940743384,512.9668501497666,526.6898137654194,34006400,47.69492840555872,4.045374910467672,511.69758178710936,458.29580795288086,2025-10-31,DON'T BUY,0.12
514.888916015625,522.7860691817526,512.4590180581705,517.657371934483,22374700,47.098776992004105,3.117181767054035,511.8927697753906,458.76769729614256,2025-11-03,DON'T BUY,0.125
512.2001342773438,513.4150529816625,505.73698923396887,509.6407695643784,20958700,45.00185143875396,2.1399517665445273,512.0933361816407,459.20410568237304,2025-11-04,DON'T BUY,0.095
505.0597839355469,512.6980347767452,504.4821687767013,511.17434154282535,23024300,39.91905945001649,0.7803282144744799,512.1953118896485,459.6074368286133,2025-11-05,DON'T BUY,0.07
495.04144287109375,503.6058351018555,493.75677643867937,503.5659922381216,27406500,34.099604939645914,-1.092980445017929,512.0033099365235,459.8730244445801,2025-11-06,DON'T BUY,0.165
494.7626037597656,497.31199999791255,491.2073803526309,494.89207027354036,24019800,33.95125057971664,-2.570460372931109,511.74797119140624,460.1346923828125,2025-11-07,DON'T BUY,0.19
503.90460205078125,504.7510881917551,496.73440583349895,497.96929153220975,26101500,42.74609583632483,-2.9694609043726814,511.734228515625,460.45519332885743,2025-11-10,DON'T BUY,0.09
506.573486328125,507.48968986721945,500.26971300797675,502.70954902224156,17980000,45.04664290329781,-3.0353256985702046,511.80513366699216,460.83608352661133,2025-11-11,DON'T BUY,0.095
509.0233154296875,509.5511194130969,497.05307240824305,507.2506574723947,26574900,47.14603853606774,-2.856910601038237,511.9204541015625,461.16662857055667,2025-11-12,DON'T BUY,0.175
501.205810546875,511.3735209246628,499.2140928412288,508.1967287528611,25273100,41.67474442304219,-3.3081879300789865,511.8272412109375,461.4822027587891,2025-11-13,DON'T BUY,0.085
508.0672912597656,509.48142428367663,495.3800584752997,496.16679552350377,28505700,47.440191592276896,-3.0766980548793867,512.1295837402344,461.9674742126465,2025-11-14,DON'T BUY,0.165
505.388427734375,509.9992593431845,502.8191251226507,506.34447416817187,19092800,45.547171664752774,-3.073967772291155,512.3146142578125,462.4390045166016,2025-11-17,DON'T BUY,0.135
491.74517822265625,500.89712400975867,484.76419755903834,493.31862192366924,33815100,37.36875401729908,-4.125148078636414,512.22259765625,462.86282012939455,2025-11-18,DON'T BUY,0.12
485.102783203125,493.13937183157236,480.8305400064438,488.070453670226,23245300,34.15336900928858,-5.4315898235859095,511.95869506835936,463.2462435913086,2025-11-19,DON'T BUY,0.23
477.3404846191406,492.4460215630244,474.41716428973194,491.5879641710541,26802500,30.81636933748341,-7.012471535603993,511.52679931640625,463.58629943847654,2025-11-20,DON'T BUY,0.19
471.04486083984375,477.8293938228302,467.20362215472323,477.4103368698009,31769200,28.39327044675383,-8.673354870313005,510.7919274902344,463.8823486328125,2025-11-21,DON'T BUY,0.27
472.92059326171875,475.8139832068258,466.9542001322548,473.9183160323131,34421000,30.155405814892887,-9.726144014903412,509.98582275390623,464.2178355407715,2025-11-24,DON'T BUY,0.27
475.90374755859375,478.0588322743821,463.8313270788984,472.9904142849383,28019800,32.9801454584741,-10.202167144220368,509.36525756835937,464.5560064697266,2025-11-25,DON'T BUY,0.265
484.3943786621094,487.1979770584782,480.10418316215106,485.2025316262965,25709100,40.371869712190026,-9.781540423670037,508.8949865722656,464.9404931640625,2025-11-26,DON'T BUY,0.26
490.88958740234375,491.5081706450152,485.54177754838196,486.48962635446395,14386700,45.3384980380909,-8.82238271833512,508.58588928222656,465.3693411254883,2025-11-28,DON'T BUY,0.25
485.6315612792969,488.7444513856018,483.5463243869077,487.32770213243884,23964000,42.26913578473755,-8.389809589004187,507.9828161621094,465.7644708251953,2025-12-01,DON'T BUY,0.255
488.8841552734375,492.3761849539621,485.2125428025972,485.6116258193264,19562700,44.760419507531005,-7.6958224643376525,507.5141064453125,466.1863122558594,2025-12-02,DON'T BUY,0.16
476.64208984375,483.13724409881166,474.1178525596479,475.23529714339696,34615100,38.096761309241664,-8.040973697644176,506.9045233154297,466.54095138549803,2025-12-03,DON'T BUY,0.245
479.7449951171875,480.2239129901724,475.40489514051177,478.6674679630734,22318200,40.514065780618566,-7.9722310956854585,506.3386755371094,466.8857008361816,2025-12-04,DON'T BUY,0.24
482.0597229003906,482.299166614698,477.78947078944657,481.4211657314621,22608700,42.32346030361722,-7.642870645967264,505.8812634277344,467.23115692138674,2025-12-05,DON'T BUY,0.18
489.9018249511719,491.17890888246444,483.2769615726175,483.7858099301447,21965900,48.084886956621204,-6.672145678222989,505.4924609375,467.65512283325194,2025-12-08,DON'T BUY,0.18
490.8995361328125,490.99931449735556,487.3875630167038,487.9862027558801,14696100,48.78582248899604,-5.755980829423777,505.0610729980469,468.1049674987793,2025-12-09,DON'T BUY,0.19
477.4701843261719,483.14722906115725,473.99809828560024,482.92772884397027,35756200,40.80062005759804,-6.043879957197191,504.29437438964845,468.51793365478517,2025-12-10,DON'T BUY,0.22
482.3690185546875,484.92318635563356,474.7763326037194,475.5445986070271,24669200,44.37719679155,-5.809775632155777,503.5905987548828,468.9463133239746,2025-12-11,DON'T BUY,0.22
477.4402770996094,481.3513637649093,475.2552617920193,478.72734800157895,21248100,41.65072545544356,-5.95332824989697,502.8673205566406,469.38577590942384,2025-12-12,DON'T BUY,0.22
473.73870849609375,479.6252664455081,471.44392797474177,479.0066832317436,23727700,39.67904413736766,-6.293235878893256,502.0379443359375,469.7846000671387,2025-12-15,DON'T BUY,0.195
475.3051452636719,476.80172935648005,469.8076832860371,470.8353364785088,20705600,40.95291200997047,-6.362869568255746,501.0164239501953,470.23343353271486,2025-12-16,DON'T BUY,0.19
475.0357360839844,478.9069051052783,473.9182915104317,475.8239455574328,24527200,40.79334990941308,-6.366405874047416,500.08093627929685,470.68032455444336,2025-12-17,DON'T BUY,0.19
482.87786865234375,488.4850656489584,476.8017407441929,477.10104539067044,28573500,47.23764741745075,-5.671041625279486,499.28496337890624,471.10484756469725,2025-12-18,DON'T BUY,0.21
484.8134460449219,486.73904362092316,481.39123391446003,486.2501387748106,70836100,48.72120347514302,-4.9072082865203015,498.5764984130859,471.55954147338866,2025-12-19,DON'T BUY,0.17
483.81573486328125,487.6170561484318,481.5908021440126,485.01298390813173,16963000,47.97242990176912,-4.332430257406543,498.07593200683596,472.02701080322265,2025-12-22,DON'T BUY,0.17
485.7413330078125,486.71908182827985,483.63612214595605,483.8755963136496,14683600,49.58291149678309,-3.6791241973416504,497.5523333740234,472.5693586730957,2025-12-23,DON'T BUY,0.165
486.90863037109375,488.04604888584674,483.7258924615979,484.5739628623746,5855900,50.58155803561586,-3.0322296404211784,497.06164184570315,473.11610412597656,2025-12-24,DON'T BUY,0.14
486.599365234375,487.00843522519267,484.85335038112265,485.601642461088,8842200,50.29729993195094,-2.51551882023125,496.5675524902344,473.64731033325194,2025-12-26,DON'T BUY,0.15
485.9907531738281,487.23790659993216,483.0773893732932,483.7558335295542,10893400,49.705305432589014,-2.130571774254463,496.0975408935547,474.1978024291992,2025-12-29,DON'T BUY,0.175
486.3699035644531,488.56487537463653,484.39440153201394,484.82341501264875,13944500,50.09934054318267,-1.774449450385191,495.59587463378904,474.70161239624025,2025-12-30,DON'T BUY,0.15
482.5186767578125,487.0284031238816,482.1993981667827,486.7290680267604,15601600,46.144701423613355,-1.7824349595598505,494.95325134277346,475.18547134399415,2025-12-31,DON'T BUY,0.16
471.8630065917969,483.5563186075122,469.0893385249197,483.2869444224563,25571600,37.35801713423121,-2.618403734013498,494.080185546875,475.6417553710937,2026-01-02,DON'T BUY,0.1
471.773193359375,474.9858617296903,468.4308161640092,472.98042932285466,25250300,37.29355847787245,-3.250690254089079,493.14796264648436,476.0762535095215,2026-01-05,DON'T BUY,0.08
477.4203186035156,477.64977534720424,468.68025764779384,472.72102257015473,23037700,43.85339083529833,-3.2585436021474266,492.3282830810547,476.5438500976563,2026-01-06,DON'T BUY,0.09
482.3690185546875,488.5848422406915,476.86159994291296,478.6674756822987,25564200,48.89841595920285,-2.8327940228729176,491.5468304443359,477.0142578125,2026-01-07,DON'T BUY,0.195
477.0212097167969,481.5608665012806,474.7763335277468,480.14408679814625,18162600,44.269166536587214,-2.8935528179411563,490.5008752441406,477.44889587402344,2026-01-08,DON'T BUY,0.115
478.1885681152344,478.72734693664125,471.1247042989064,472.9804540365218,18491000,45.4824578257405,-2.8150582943393374,489.2681427001953,477.87904968261716,2026-01-09,DON'T BUY,0.15
476.09332275390625,479.89464390147504,474.59673866594744,475.5845048686955,23519900,43.64580363121636,-2.8886213796650395,488.00386291503906,478.3244801330566,2026-01-12,DON'T BUY,0.115
469.5981750488281,474.6965236309785,464.888922501957,473.5990225282599,28545800,38.460888946898756,-3.431468954274976,486.92417114257813,478.73440826416015,2026-01-13,DON'T BUY,0.085
458.3338928222656,467.13381499707015,456.1289340170423,465.39775666549855,28184300,31.47707496124258,-4.716247044145007,485.7775360107422,479.14646728515623,2026-01-14,DON'T BUY,0.17
455.6200866699219,463.1927988881192,454.8618076165624,463.0630900555096,23225800,30.060842711708005,-5.885579120507771,484.59215942382815,479.561877746582,2026-01-15,DON'T BUY,0.225
458.8127746582031,462.13520850615447,455.4404972994736,456.78739866953146,34246700,33.832622856580585,-6.479962997561415,483.5244122314453,479.95950988769533,2026-01-16,DON'T BUY,0.205
453.48492431640625,455.7597309230742,448.2568669541529,450.1924514863621,26130000,30.843336317359388,-7.296816341635008,482.4929150390625,480.33075088500976,2026-01-20,DON'T BUY,0.185
443.0986328125,451.65911099901973,437.68100562513575,451.56931960591265,37980500,26.017331011348702,-8.68218262756966,481.4540588378906,480.69486755371094,2026-01-21,DON'T BUY,0.27
450.1126403808594,451.8087507279656,443.6873036586902,446.600636936346,25349400,33.57594608326798,-9.109119340412121,480.5610595703125,481.15990005493165,2026-01-22,DON'T BUY,0.265
464.888916015625,470.0271819611143,449.50401819491054,450.8409629929935,38000200,46.075202890317854,-8.161072049519191,479.7807458496094,481.70863876342776,2026-01-23,DON'T BUY,0.265
469.20904541015625,473.1700058760031,460.94790240319116,464.25036221183507,29291200,49.09144394632064,-6.9806705787485726,479.03345703125,482.295352935791,2026-01-26,DON'T BUY,0.17
479.485595703125,481.7703893732875,472.0825097961169,472.62128861771004,29213900,55.471838968033346,-5.156521020400817,478.44270263671876,482.75516464233397,2026-01-27,DON'T BUY,0.155
480.533203125,482.63838346935967,476.9114647448887,482.10959164059926,36875400,56.07619469814489,-3.5850104208574294,478.02925048828126,483.26556716918947,2026-01-28,DON'T BUY,0.17
432.5128173828125,441.49232224197124,420.06122635013605,438.98802836564175,128855300,33.57871966537333,-6.143601145140622,476.5181610107422,483.50063735961913,2026-01-29,DON'T BUY,0.23
429.31011962890625,438.5989157576861,425.47886802078926,438.1699022937122,58566800,32.63822408799378,-8.333668329490138,474.9965948486328,483.7228698730469,2026-01-30,DON'T BUY,0.265
422.4058837890625,429.7590957240154,421.28843915961005,429.2602343395754,42219900,30.645515027574135,-10.5053276055408,473.60980895996096,483.92090209960935,2026-02-02,DON'T BUY,0.265
410.2735595703125,421.0888704228976,407.6296003977664,421.0489834358989,61424100,27.471474819020145,-13.05487196057436,472.1132244873047,484.1283363342285,2026-02-03,DON'T BUY,0.27
413.2467956542969,418.84400576689177,408.3080557741746,410.0640575889883,45012400,29.401275368493828,-14.666423525931464,470.8313507080078,484.3696412658691,2026-02-04,DON'T BUY,0.27
392.7735290527344,407.37018733348754,391.4265972483441,406.51216038211834,66289200,24.556138183291722,-17.39509147810594,469.26592407226565,484.55155090332033,2026-02-05,DON'T BUY,0.27
400.22650146484375,400.87501513504304,392.0252195920243,398.2609865133262,53515300,29.13441789554055,-18.74016296926402,467.8120422363281,484.7325178527832,2026-02-06,DON'T BUY,0.27
412.65814208984375,413.94521298339265,399.9571203178888,403.9280678877113,45480500,36.10007912160479,-18.588732971233867,466.5471301269531,484.93808059692384,2026-02-09,DON'T BUY,0.27
412.328857421875,422.7151545880433,411.76017861216997,418.66440278178237,44857900,35.99914293400427,-18.284521544908785,465.10581970214844,485.0779373168945,2026-02-10,DON'T BUY,0.27
403.4491271972656,415.51159110220135,400.096793508188,415.2322299614449,42491000,33.29556969514567,-18.546163191262167,463.35701049804686,485.1508181762695,2026-02-11,DON'T BUY,0.265
400.9248962402344,405.2749831551046,397.1036315998776,404.07770370563327,40802400,32.54727172401188,-18.74116395131631,461.66287719726563,485.2145016479492,2026-02-12,DON'T BUY,0.265
400.4060974121094,404.61648859375555,397.1435245648219,403.528974460687,34091600,32.38616922413233,-18.721753468117242,459.89331604003905,485.2613006591797,2026-02-13,DON'T BUY,0.265
395.95623779296875,399.60790672873594,393.6315571718042,398.31087932693146,32078800,30.970169154708827,-18.848167065221844,458.27959899902345,485.2797967529297,2026-02-17,DON'T BUY,0.265
398.69000244140625,401.6432531481791,395.41747315874426,397.2233488345012,23223400,32.91085590694735,-18.51433703897294,456.6584991455078,485.16240661621094,2026-02-18,DON'T BUY,0.265
398.4599914550781,404.42999267578125,396.6700134277344,400.69000244140625,28234000,32.82723304040577,-18.06014815647393,454.98650451660154,484.9948417663574,2026-02-19,DON'T BUY,0.265
397.2300109863281,400.1199951171875,395.1600036621094,396.1099853515625,34015200,32.35381404765346,-17.59660661177844,453.1330682373047,484.8167106628418,2026-02-20,DON'T BUY,0.265
384.4700012207031,395.3599853515625,383.1000061035156,395.0,43238300,27.864320687973844,-18.05079442431156,451.0044775390625,484.58897094726564,2026-02-23,DON'T BUY,0.27
389.0,389.3599853515625,381.7099914550781,384.1400146484375,33884700,31.498478860649683,-17.83956509362514,449.2350738525391,484.38368270874025,2026-02-24,DON'T BUY,0.265
400.6000061035156,401.4700012207031,390.1600036621094,390.5299987792969,43625500,39.854535904171335,-16.545415528919364,447.5996936035156,484.212477722168,2026-02-25,DON'T BUY,0.255
401.7200012207031,407.489990234375,398.739990234375,404.7099914550781,34405900,40.6078443966657,-15.25358460102484,446.0852880859375,484.04409393310544,2026-02-26,DON'T BUY,0.26
392.739990234375,396.82000732421875,389.8800048828125,390.8800048828125,51367200,36.64480968917125,-14.783990481486512,444.46531372070314,483.7785600280762,2026-02-27,DON'T BUY,0.265
398.54998779296875,401.19000244140625,390.6300048828125,392.8599853515625,35474900,40.678598071943824,-13.78412074804038,442.9302105712891,483.5426713562012,2026-03-02,DON'T BUY,0.26
403.92999267578125,406.70001220703125,392.6700134277344,393.1400146484375,38199200,44.2201963325487,-12.414488849440431,441.508095703125,483.3148272705078,2026-03-03,DON'T BUY,0.25
405.20001220703125,411.0299987792969,400.30999755859375,401.2699890136719,35808000,45.05413728207297,-11.098627668848508,439.95453857421876,483.08826278686524,2026-03-04,DON'T BUY,0.25
410.67999267578125,411.6099853515625,404.3999938964844,404.4200134277344,39001300,48.62338814304077,-9.504052772942032,438.47186950683596,482.8834310913086,2026-03-05,DON'T BUY,0.245
408.9599914550781,413.04998779296875,408.510009765625,409.20001220703125,31123900,47.578694327139225,-8.283641737938183,436.97475463867187,482.6471322631836,2026-03-06,DON'T BUY,0.25
409.4100036621094,410.2099914550781,403.5,404.9200134277344,30131900,47.894129909108365,-7.197180360802292,435.4481280517578,482.41656311035155,2026-03-09,DON'T BUY,0.175
405.760009765625,410.20001220703125,402.92999267578125,410.0299987792969,31706400,45.502517491086934,-6.555112637001685,433.8251556396484,482.1955822753906,2026-03-10,DON'T BUY,0.185
404.8800048828125,409.010009765625,401.5899963378906,405.57000732421875,25512100,44.92011000309927,-6.047565805450631,432.1907684326172,481.95881759643555,2026-03-11,DON'T BUY,0.215
401.8599853515625,406.1199951171875,401.7099914550781,404.6300048828125,27263900,42.89117193485471,-5.821910264073608,430.5081530761719,481.73021774291993,2026-03-12,DON'T BUY,0.22
395.54998779296875,404.79998779296875,394.25,401.0,26848000,38.93419679102398,-6.082129684887434,428.6917547607422,481.41782135009765,2026-03-13,DON'T BUY,0.22
399.95001220703125,400.6300048828125,394.7900085449219,398.07000732421875,27733700,42.89071109661958,-5.86569418172644,427.0403814697266,481.1439790344238,2026-03-16,DON'T BUY,0.22
399.4100036621094,404.3999938964844,397.75,400.2699890136719,26228300,42.526540439571505,-5.672354293297985,425.5913214111328,480.8608746337891,2026-03-17,DON'T BUY,0.22
391.7900085449219,398.0,391.0,397.1300048828125,25908500,37.666541315380194,-6.064097816916956,423.99165771484377,480.53131896972656,2026-03-18,DON'T BUY,0.215
389.0199890136719,392.489990234375,387.05999755859375,390.1000061035156,25138800,36.053532355393955,-6.5228830721948725,422.22365112304686,480.17990966796873,2026-03-19,DON'T BUY,0.21
381.8699951171875,387.0,380.1199951171875,386.7900085449219,50853200,32.21830394505527,-7.3783652431754945,420.2136706542969,479.7877792358398,2026-03-20,DON'T BUY,0.22
383.0,387.2099914550781,381.67999267578125,383.8999938964844,29680100,33.42367992094154,-7.87438803328439,418.33324645996095,479.39682479858396,2026-03-23,BUY,0.605
372.739990234375,382.4700012207031,371.8500061035156,382.3599853515625,42733600,28.472702677226977,-8.991735579108706,416.2242749023437,478.93563034057615,2026-03-24,BUY,0.625
371.0400085449219,377.05999755859375,369.6300048828125,376.9200134277344,31181200,27.73951249044356,-9.90029147680076,414.1232086181641,478.45251388549804,2026-03-25,BUY,0.625
365.9700012207031,374.7200012207031,365.19000244140625,370.82000732421875,36719800,25.620540281337526,-10.903744214795779,412.05064514160154,477.9322657775879,2026-03-26,BUY,0.625
358.8800048828125,362.42498779296875,356.5799865722656,362.0400085449219,22234934,22.977240532554347,-12.131249694996313,410.0615673828125,477.38566482543945,2026-03-27,BUY,0.635
